{
  "m1": 10.0,
  "m2": 5.0,
  "L1": 2.0,
  "L2": 1.0,
  "g": 9.81,
  "theta1_0": 1.5707963267948966,
  "omega1_0": 0.0,
  "theta2_0": 1.5807963267948966,
  "omega2_0": 0.0,
  "t_max": 10.0,
  "dt": 0.01
}
